Name,Label
Adidas (1),Adidas
Adidas (1),Adidas
Adidas (1),Adidas
Adidas (10),Adidas
Adidas (10),Adidas
Adidas (11),Adidas
Adidas (11),Adidas
Adidas (12),Adidas
Adidas (12),Adidas
Adidas (13),Adidas
Adidas (13),Nike
Adidas (14),Adidas
Adidas (14),Adidas
Adidas (16),Adidas
Adidas (17),Adidas
Adidas (18),Adidas
Adidas (19),Adidas
Adidas (2),Adidas
Adidas (2),Adidas
Adidas (2),Adidas
Adidas (20),Adidas
Adidas (21),Adidas
Adidas (22),Adidas
Adidas (23),Adidas
Adidas (24),Adidas
Adidas (25),Adidas
Adidas (26),Adidas
Adidas (27),Adidas
Adidas (28),Nike
Adidas (29),Adidas
Adidas (3),Adidas
Adidas (3),Adidas
Adidas (30),Nike
Adidas (31),Adidas
Adidas (33),Adidas
Adidas (34),Adidas
Adidas (35),Adidas
Adidas (36),Adidas
Adidas (37),Adidas
Adidas (38),Nike
Adidas (39),Adidas
Adidas (4),Adidas
Adidas (4),Adidas
Adidas (40),Adidas
Adidas (41),Nike
Adidas (42),Adidas
Adidas (43),Adidas
Adidas (44),Adidas
Adidas (45),Nike
Adidas (46),Adidas
Adidas (47),Adidas
Adidas (48),Adidas
Adidas (49),Adidas
Adidas (5),Adidas
Adidas (5),Adidas
Adidas (50),Adidas
Adidas (51),Adidas
Adidas (52),Adidas
Adidas (53),Adidas
Adidas (54),Adidas
Adidas (55),Adidas
Adidas (56),Adidas
Adidas (57),Adidas
Adidas (58),Adidas
Adidas (59),Adidas
Adidas (6),Adidas
Adidas (6),Adidas
Adidas (60),Adidas
Adidas (61),Adidas
Adidas (62),Adidas
Adidas (63),Adidas
Adidas (64),Adidas
Adidas (65),Adidas
Adidas (66),Adidas
Adidas (67),Adidas
Adidas (68),Adidas
Adidas (69),Adidas
Adidas (7),Adidas
Adidas (70),Adidas
Adidas (71),Adidas
Adidas (72),Adidas
Adidas (73),Adidas
Adidas (74),Adidas
Adidas (75),Adidas
Adidas (76),Adidas
Adidas (77),Adidas
Adidas (78),Adidas
Adidas (79),Adidas
Adidas (8),Nike
Adidas (8),Adidas
Adidas (80),Adidas
Adidas (81),Adidas
Adidas (82),Adidas
Adidas (83),Adidas
Adidas (84),Adidas
Adidas (85),Adidas
Adidas (86),Adidas
Adidas (87),Adidas
Adidas (88),Adidas
Adidas (89),Adidas
Adidas (9),Adidas
Adidas (9),Adidas
Nike (1),Nike
Nike (1),Nike
Nike (1),Nike
Nike (10),Nike
Nike (10),Nike
Nike (11),Nike
Nike (11),Nike
Nike (12),Nike
Nike (12),Nike
Nike (13),Nike
Nike (13),Nike
Nike (14),Nike
Nike (14),Nike
Nike (15),Nike
Nike (15),Nike
Nike (16),Nike
Nike (16),Nike
Nike (17),Nike
Nike (17),Nike
Nike (18),Nike
Nike (18),Nike
Nike (19),Nike
Nike (19),Nike
Nike (2),Nike
Nike (2),Nike
Nike (20),Nike
Nike (20),Nike
Nike (21),Nike
Nike (21),Nike
Nike (22),Nike
Nike (22),Nike
Nike (23),Nike
Nike (24),Nike
Nike (25),Nike
Nike (26),Nike
Nike (27),Nike
Nike (28),Nike
Nike (29),Nike
Nike (3),Nike
Nike (3),Nike
Nike (30),Nike
Nike (31),Nike
Nike (32),Nike
Nike (33),Nike
Nike (34),Nike
Nike (35),Nike
Nike (36),Nike
Nike (37),Nike
Nike (38),Nike
Nike (39),Nike
Nike (4),Nike
Nike (4),Nike
Nike (40),Nike
Nike (41),Nike
Nike (42),Nike
Nike (43),Nike
Nike (44),Nike
Nike (45),Nike
Nike (46),Nike
Nike (47),Nike
Nike (48),Nike
Nike (49),Nike
Nike (5),Nike
Nike (5),Nike
Nike (50),Nike
Nike (51),Nike
Nike (52),Nike
Nike (53),Nike
Nike (54),Nike
Nike (55),Nike
Nike (56),Nike
Nike (57),Nike
Nike (58),Nike
Nike (59),Nike
Nike (6),Nike
Nike (6),Nike
Nike (60),Nike
Nike (61),Nike
Nike (62),Nike
Nike (63),Nike
Nike (64),Nike
Nike (65),Nike
Nike (66),Nike
Nike (67),Nike
Nike (68),Nike
Nike (69),Nike
Nike (7),Nike
Nike (7),Nike
Nike (70),Nike
Nike (71),Nike
Nike (72),Nike
Nike (73),Nike
Nike (74),Nike
Nike (75),Nike
Nike (76),Nike
Nike (77),Nike
Nike (8),Nike
Nike (8),Nike
Nike (9),Nike
Nike (9),Nike
